City_ID,City,Lat,Lng,Max Temp,Humidity,Cloudiness,Wind Speed,Country,Date
0,bambous virieux,-20.3428,57.7575,298.29,88,40,3.09,MU,1675219689
1,tecpan,14.7623,-90.9947,281.85,77,6,2.13,GT,1675220069
2,the valley,18.217,-63.0578,297.65,68,0,8.09,AI,1675219640
3,longyearbyen,78.2186,15.6401,264.06,67,20,6.69,SJ,1675219718
4,qaanaaq,77.484,-69.3632,251.66,47,84,3.35,GL,1675219648
5,bredasdorp,-34.5322,20.0403,291.37,95,12,1.99,ZA,1675219341
6,kaitangata,-46.2817,169.8464,293.32,76,99,3.55,NZ,1675219653
7,labuhan,-6.8844,112.2051,300.86,76,100,3.42,ID,1675219754
8,saskylakh,71.9167,114.0833,244.25,98,100,6.32,RU,1675219721
9,hofn,64.2539,-15.2082,270.69,65,95,5.97,IS,1675219743
10,tifton,31.4505,-83.5085,292.34,99,92,2.31,US,1675220070
11,belyy yar,53.6039,91.3903,255.09,85,40,0.0,RU,1675219846
12,saint-georges,12.0564,-61.7485,295.97,88,20,1.03,GD,1675220070
13,hobart,-42.8794,147.3294,290.52,67,88,1.79,AU,1675219499
14,makhachkala,42.9764,47.5024,277.14,93,99,2.97,RU,1675220071
15,rawson,-43.3002,-65.1023,289.16,57,0,8.76,AR,1675219430
16,cape town,-33.9258,18.4232,295.58,81,0,4.63,ZA,1675220072
17,port alfred,-33.5906,26.891,292.14,96,5,2.17,ZA,1675220012
18,kupang,-10.1667,123.5833,300.47,89,75,2.06,ID,1675219949
19,tual,-5.6667,132.75,301.54,75,81,5.1,ID,1675219808
20,yellowknife,62.456,-114.3525,241.44,68,20,5.14,CA,1675220074
21,vaini,-21.2,-175.2,301.24,89,75,4.63,TO,1675219985
22,tuktoyaktuk,69.4541,-133.0374,235.15,67,20,2.06,CA,1675219837
23,puerto ayora,-0.7393,-90.3518,298.46,88,78,2.23,EC,1675220069
24,aykhal,66.0,111.5,240.08,100,63,2.54,RU,1675219879
25,bereda,43.2686,-7.5406,272.12,100,29,1.37,ES,1675220078
26,tiksi,71.6872,128.8694,255.2,98,100,3.82,RU,1675220078
27,busselton,-33.65,115.3333,297.55,38,0,5.75,AU,1675219953
28,rikitea,-23.1203,-134.9692,299.38,69,4,6.32,PF,1675219787
29,albany,42.6001,-73.9662,267.16,64,96,1.89,US,1675219892
30,flin flon,54.7682,-101.865,240.24,100,65,1.51,CA,1675219894
31,codrington,-38.2667,141.9667,289.54,47,100,5.97,AU,1675220011
32,jamestown,42.097,-79.2353,264.92,83,75,2.06,US,1675219965
33,punta arenas,-53.15,-70.9167,285.21,62,20,9.77,CL,1675219631
34,dikson,73.5069,80.5464,248.79,93,23,3.69,RU,1675219979
35,pacifica,37.6138,-122.4869,285.11,57,20,5.14,US,1675219807
36,ushuaia,-54.8,-68.3,286.96,51,75,7.2,AR,1675219788
37,lucea,18.451,-78.1736,299.07,77,6,4.44,JM,1675220080
38,svetlyy,54.675,20.1347,275.91,94,100,11.42,RU,1675219924
39,boras,57.721,12.9401,278.65,81,100,6.82,SE,1675220081
40,mahebourg,-20.4081,57.7,298.31,88,40,3.09,MU,1675219908
41,noumea,-22.2763,166.4572,305.14,65,80,3.68,NC,1675219988
42,sao francisco,-15.9486,-44.8644,293.99,77,44,1.35,BR,1675220082
43,kundiawa,-6.0167,144.9667,297.47,71,88,1.14,PG,1675220082
44,kapaa,22.0752,-159.319,299.33,81,75,4.63,US,1675219968
45,san pedro,14.35,121.0167,302.77,65,20,3.09,PH,1675220059
46,mataura,-46.1927,168.8643,296.39,63,100,1.72,NZ,1675219945
47,chegdomyn,51.1167,133.0167,249.13,88,71,0.91,RU,1675220083
48,lata,40.1629,-8.3327,273.75,78,0,1.42,PT,1675220083
49,kruisfontein,-34.0033,24.7314,290.31,91,0,2.4,ZA,1675220084
50,ilulissat,69.2167,-51.1,254.16,65,61,1.54,GL,1675219829
51,benjamin hill,30.1667,-111.1,283.49,66,44,1.78,MX,1675220084
52,kavieng,-2.5744,150.7967,301.95,71,90,3.88,PG,1675220084
53,nikolskoye,59.7035,30.7861,273.1,91,99,3.77,RU,1675219786
54,anchorage,61.2181,-149.9003,271.86,93,100,2.06,US,1675220085
55,sidi ali,36.0998,0.4206,280.57,53,0,1.42,DZ,1675220085
56,port hedland,-20.3167,118.5667,307.18,52,14,2.57,AU,1675220085
57,victoria,22.2855,114.1577,296.46,80,62,1.34,HK,1675219817
58,ossora,59.2353,163.0719,266.94,85,100,1.45,RU,1675220086
59,coquimbo,-29.9533,-71.3436,291.0,88,0,2.06,CL,1675219803
60,carnarvon,-24.8667,113.6333,301.43,63,31,6.49,AU,1675220075
61,chuy,-33.6971,-53.4616,294.48,92,6,2.59,UY,1675219976
62,eydhafushi,5.1033,73.0708,299.9,75,100,5.1,MV,1675219865
63,brae,60.3964,-1.353,279.65,85,100,18.93,GB,1675219989
64,mocuba,-16.8392,36.9856,295.6,93,97,0.58,MZ,1675220087
65,constitucion,-35.3333,-72.4167,285.77,83,1,4.4,CL,1675219933
66,felanitx,39.4696,3.1483,278.22,75,0,0.84,ES,1675220087
67,taltal,-25.4,-70.4833,293.47,83,46,0.93,CL,1675220045
68,atuona,-9.8,-139.0333,299.25,77,92,9.86,PF,1675219973
69,severo-kurilsk,50.6789,156.125,269.56,52,63,1.55,RU,1675220088
70,mar del plata,-38.0023,-57.5575,294.87,88,75,3.13,AR,1675220088
71,berlevag,70.8578,29.0864,274.12,75,100,12.35,NO,1675220002
72,obera,-27.4871,-55.1199,294.2,86,8,1.26,AR,1675219901
73,moose factory,51.2585,-80.6094,248.14,77,100,2.06,CA,1675220039
74,tasiilaq,65.6145,-37.6368,261.24,73,97,3.14,GL,1675219701
75,richards bay,-28.783,32.0377,296.3,90,100,5.0,ZA,1675220089
76,melfi,40.9965,15.6514,272.31,61,6,2.88,IT,1675220089
77,bull savanna,17.8868,-77.5902,295.11,80,6,2.18,JM,1675220089
78,bluff,-46.6,168.3333,290.34,87,100,2.61,NZ,1675220090
79,sitka,57.0531,-135.33,277.09,81,100,7.2,US,1675220090
80,butaritari,3.0707,172.7902,299.94,79,100,7.53,KI,1675219959
81,katsuura,35.1333,140.3,285.16,53,13,10.7,JP,1675220091
82,port hardy,50.6996,-127.4199,276.25,87,100,5.14,CA,1675220091
83,sao joao da barra,-21.6403,-41.0511,297.77,86,43,9.1,BR,1675220063
84,new norfolk,-42.7826,147.0587,290.88,36,73,1.79,AU,1675219674
85,north myrtle beach,33.816,-78.68,289.33,98,0,1.54,US,1675219803
86,baiyin,36.5583,104.2081,269.76,25,100,2.03,CN,1675220092
87,nome,64.5011,-165.4064,268.19,93,100,0.0,US,1675219925
88,karwar,14.8,74.1333,298.11,60,100,1.97,IN,1675220092
89,esperance,-33.8667,121.9,290.81,62,100,5.81,AU,1675220092
90,bulungu,-4.55,18.6,292.41,95,24,1.03,CD,1675220093
91,honningsvag,70.9821,25.9704,275.01,69,75,12.86,NO,1675220093
92,kloulklubed,7.0419,134.2556,302.43,80,75,10.18,PW,1675220093
93,hithadhoo,-0.6,73.0833,300.39,73,19,5.59,MV,1675220094
94,quatre cocos,-20.2078,57.7625,298.21,76,100,5.95,MU,1675220094
95,thompson,55.7435,-97.8558,241.24,68,40,0.0,CA,1675220095
96,beyneu,45.3167,55.2,272.94,86,100,5.42,KZ,1675220095
97,svetlogorsk,52.6333,29.7333,270.37,97,100,3.31,BY,1675220095
98,belaya gora,68.5333,146.4167,249.71,99,99,2.25,RU,1675220095
99,grindavik,63.8424,-22.4338,269.12,86,0,1.03,IS,1675220075
100,clyde river,70.4692,-68.5914,241.28,75,0,3.09,CA,1675220096
101,katangli,51.7102,143.2326,258.07,78,28,5.3,RU,1675220096
102,kashi,39.4547,75.9797,266.71,73,40,2.0,CN,1675220096
103,balaguer,41.7912,0.8109,272.79,77,0,0.62,ES,1675220097
104,avarua,-21.2078,-159.775,300.18,78,100,7.72,CK,1675219833
105,hvolsvollur,63.7533,-20.2243,270.14,77,100,1.83,IS,1675220097
106,tiarei,-17.5333,-149.3333,303.16,76,10,6.52,PF,1675220098
107,bathsheba,13.2167,-59.5167,296.49,83,20,4.12,BB,1675219944
108,torbay,47.6666,-52.7314,273.47,93,100,3.09,CA,1675219793
109,ratnagiri,16.9833,73.3,298.3,43,100,3.29,IN,1675220098
110,zdunska wola,51.5992,18.9397,275.77,92,100,1.34,PL,1675220099
111,hauterive,46.0901,3.4459,276.57,97,91,1.22,FR,1675220099
112,touros,-5.1989,-35.4608,299.52,74,100,6.09,BR,1675220099
113,pemberton,50.3164,-122.8027,273.33,96,100,1.71,CA,1675220100
114,surman,32.7567,12.5716,282.76,56,45,4.75,LY,1675220100
115,hermanus,-34.4187,19.2345,290.82,93,3,0.81,ZA,1675219957
116,broken hill,-31.95,141.4333,298.96,29,0,5.12,AU,1675220100
117,bria,6.5423,21.9863,295.33,33,0,0.47,CF,1675219913
118,dingle,10.9995,122.6711,301.27,78,54,6.73,PH,1675219930
119,eureka,40.8021,-124.1637,280.81,81,100,0.45,US,1675220101
120,taoudenni,22.6783,-3.9836,286.37,22,100,5.69,ML,1675220076
121,ndele,8.4109,20.6473,295.98,24,2,1.12,CF,1675220102
122,east london,-33.0153,27.9116,294.7,82,4,2.21,ZA,1675219841
123,saint-augustin,51.226,-58.6502,251.28,82,1,3.83,CA,1675220105
124,upernavik,72.7868,-56.1549,253.17,93,100,4.1,GL,1675219984
125,northam,51.0333,-4.2167,281.27,81,12,8.58,GB,1675220106
126,kirovskiy,45.0917,133.5136,260.91,84,100,2.15,RU,1675220107
127,nanortalik,60.1432,-45.2371,263.13,84,99,2.5,GL,1675219946
128,saint anthony,45.0205,-93.218,261.11,62,75,5.14,US,1675220110
129,yulara,-25.2406,130.9889,305.22,17,3,4.93,AU,1675219900
130,pionki,51.476,21.4499,275.7,96,100,8.83,PL,1675220111
131,kahului,20.8947,-156.47,301.16,65,20,1.54,US,1675219981
132,luderitz,-26.6481,15.1594,288.78,93,6,4.85,NA,1675220112
133,cabo san lucas,22.8909,-109.9124,293.32,77,100,2.06,MX,1675219845
134,ribeira grande,38.5167,-28.7,285.25,83,96,2.68,PT,1675220003
135,haines junction,60.7522,-137.5108,261.48,99,94,0.91,CA,1675219974
136,opuwo,-18.0607,13.84,292.39,75,99,1.5,NA,1675220113
137,greece,43.2098,-77.6931,266.98,83,75,2.06,US,1675220114
138,khaniotis,39.9991,23.58,279.59,58,0,6.58,GR,1675220114
139,namibe,-15.1961,12.1522,295.06,83,100,2.69,AO,1675220067
140,price,39.5994,-110.8107,262.1,61,0,2.57,US,1675220115
141,elliot lake,46.3834,-82.6331,259.54,93,96,2.66,CA,1675220116
142,bud,39.447,-86.1758,268.16,69,100,2.75,US,1675220117
143,arman,59.7,150.1667,260.94,93,100,2.98,RU,1675220118
144,khatanga,71.9667,102.5,230.61,100,64,1.38,RU,1675219797
145,cherskiy,68.75,161.3,248.9,100,54,2.74,RU,1675220119
146,sobolevo,54.4299,31.8996,271.11,96,100,3.01,RU,1675220120
147,todos santos,23.45,-110.2167,292.06,94,93,2.87,MX,1675220121
148,saint-philippe,-21.3585,55.7679,297.92,87,89,5.23,RE,1675219977
149,askiz,53.1319,90.5264,258.94,92,100,0.59,RU,1675220122
150,skjervoy,70.0311,20.9714,270.15,73,100,1.07,NO,1675220123
151,mount pleasant,32.7941,-79.8626,290.42,97,100,1.54,US,1675220124
152,ancud,-41.8697,-73.8203,284.16,83,1,1.45,CL,1675219962
153,tuatapere,-46.1333,167.6833,295.32,65,96,1.75,NZ,1675220127
154,nantucket,41.2835,-70.0995,273.79,68,100,5.66,US,1675220074
155,lianzhou,24.7811,112.3825,294.17,54,69,1.07,CN,1675220128
156,faanui,-16.4833,-151.75,300.53,75,100,6.29,PF,1675219963
157,homer,59.6425,-151.5483,275.24,96,100,0.45,US,1675220129
158,baruun-urt,46.6806,113.2792,254.86,77,3,3.36,MN,1675220129
159,cidreira,-30.1811,-50.2056,296.92,92,0,2.34,BR,1675219967
160,poum,-20.2333,164.0167,299.79,63,77,2.09,NC,1675219839
161,port lincoln,-34.7333,135.8667,292.32,61,95,6.89,AU,1675220131
162,hun,29.1268,15.9477,280.86,73,6,3.58,LY,1675220131
163,srednekolymsk,67.45,153.6833,244.39,95,96,1.42,RU,1675219988
164,korem,12.5058,39.5228,283.12,53,12,0.32,ET,1675220132
165,castro,-24.7911,-50.0119,290.51,98,100,1.11,BR,1675219684
166,chokurdakh,70.6333,147.9167,255.15,97,100,3.36,RU,1675219960
167,doha,25.2867,51.5333,293.09,72,0,5.14,QA,1675220095
168,amahai,-3.3333,128.9167,303.34,64,83,1.02,ID,1675220009
169,rincon,32.296,-81.2354,290.32,96,98,1.37,US,1675220134
170,harrison,30.4091,-89.0436,292.46,99,100,2.06,US,1675220001
171,mbuji-mayi,-6.15,23.6,293.88,95,100,1.29,CD,1675220116
172,yar-sale,66.8333,70.8333,263.4,95,100,6.98,RU,1675220092
173,georgetown,5.4112,100.3354,302.11,78,20,2.06,MY,1675219822
174,baykit,61.67,96.37,250.95,100,100,0.51,RU,1675219858
175,samarai,-10.6167,150.6667,302.48,69,98,0.39,PG,1675219859
176,san,13.3034,-4.8956,294.68,8,100,3.56,ML,1675220040
177,kysyl-syr,63.8986,122.7617,243.59,96,100,3.47,RU,1675220140
178,kodiak,57.79,-152.4072,276.88,87,100,2.57,US,1675219949
179,manzanillo,20.3433,-77.1167,296.34,79,8,6.02,CU,1675220140
180,kendari,-3.945,122.4989,302.95,67,100,2.21,ID,1675219944
181,lasa,46.6166,10.7002,276.64,89,24,2.89,IT,1675219332
182,pisco,-13.7,-76.2167,296.18,78,0,5.14,PE,1675219990
183,sao filipe,14.8961,-24.4956,294.35,73,98,4.7,CV,1675220141
184,blairmore,49.6,-114.4353,266.08,62,100,10.29,CA,1675220142
185,te anau,-45.4167,167.7167,296.18,59,99,1.23,NZ,1675219876
186,bograd,54.2344,90.8328,257.45,98,100,1.19,RU,1675220142
187,khasan,42.4308,130.6434,269.52,55,100,7.48,RU,1675220142
188,jhargram,22.45,86.9833,295.69,41,95,5.77,IN,1675220143
189,talnakh,69.4865,88.3972,257.71,96,100,4.57,RU,1675219451
190,sakakah,29.9697,40.2064,280.91,70,0,2.8,SA,1675220143
191,tawang,27.5833,91.8667,282.69,28,0,1.91,IN,1675220144
192,surgut,61.25,73.4167,263.25,85,40,4.02,RU,1675220144
193,arrecife,28.963,-13.5477,289.14,67,0,7.72,ES,1675220145
194,acarau,-2.8856,-40.12,298.5,87,33,4.94,BR,1675220113
195,barrow,71.2906,-156.7887,252.16,77,0,10.29,US,1675220061
196,bengkulu,-3.8004,102.2655,300.14,76,100,3.31,ID,1675219963
197,baie-comeau,49.2168,-68.1489,253.97,65,0,2.06,CA,1675220145
198,rio brilhante,-21.8019,-54.5464,294.47,97,100,1.76,BR,1675220146
199,elliot,-31.3333,27.85,287.58,81,95,3.56,ZA,1675220061
200,shingu,33.7333,135.9833,287.3,54,100,5.68,JP,1675220146
201,seminole,28.7086,-81.2081,296.3,88,0,2.06,US,1675220132
202,padang,-0.9492,100.3543,302.18,77,100,1.51,ID,1675219854
203,neenah,44.1858,-88.4626,258.83,70,0,4.12,US,1675220100
204,miyako,39.6367,141.9525,279.73,58,46,8.1,JP,1675220147
205,arraial do cabo,-22.9661,-42.0278,297.42,88,85,10.95,BR,1675220147
206,lintangan,7.2155,121.952,303.14,71,15,1.43,PH,1675220147
207,airai,-8.9266,125.4092,295.22,76,77,1.24,TL,1675220148
208,djibo,14.1022,-1.6306,292.93,6,95,4.25,BF,1675220148
209,karad,17.2833,74.2,294.25,51,79,4.65,IN,1675220149
210,korla,41.7597,86.1469,266.64,79,80,0.25,CN,1675220149
211,hilo,19.7297,-155.09,297.75,92,20,5.14,US,1675219974
212,altay,47.8667,88.1167,264.2,62,100,2.19,CN,1675220149
213,ranfurly,-45.1333,170.1,295.28,68,100,3.18,NZ,1675220150
214,hermiston,45.8404,-119.2895,275.74,64,0,2.57,US,1675220016
215,bilibino,68.0546,166.4372,259.92,87,95,2.44,RU,1675220150
216,aden,12.7794,45.0367,296.81,65,9,6.63,YE,1675220061
217,fort nelson,58.8053,-122.7002,257.92,83,100,3.09,CA,1675220022
218,camana,-16.6228,-72.7111,296.64,89,100,2.39,PE,1675220151
219,vardo,70.3705,31.1107,274.14,86,75,8.75,NO,1675219975
220,hasaki,35.7333,140.8333,286.05,41,18,10.09,JP,1675219973
221,eyl,7.9803,49.8164,295.11,81,49,5.49,SO,1675220151
222,skovorodino,53.9833,123.9167,256.27,76,29,2.29,RU,1675220152
223,pushkino,56.0172,37.8667,273.31,96,100,2.58,RU,1675220152
224,menongue,-14.6585,17.691,289.35,96,100,0.69,AO,1675219853
225,chumikan,54.7183,135.315,250.86,83,24,8.0,RU,1675220153
226,chadan,51.2833,91.5833,247.86,96,79,0.27,RU,1675220153
227,beringovskiy,63.05,179.3167,267.53,97,58,3.29,RU,1675220153
228,athabasca,54.7169,-113.2854,258.38,97,100,0.43,CA,1675220154
229,anloga,5.7947,0.8973,299.62,81,96,2.19,GH,1675220067
230,kholm,59.2667,32.85,271.21,93,98,4.22,RU,1675219962
231,harper,4.375,-7.7169,299.09,86,44,2.42,LR,1675220154
232,lufilufi,-13.8745,-171.5986,299.03,75,100,8.0,WS,1675220155
233,banda aceh,5.5577,95.3222,299.68,71,98,0.8,ID,1675220155
234,kanashevo,55.2169,62.0634,268.46,95,48,1.78,RU,1675220155
235,port elizabeth,-33.918,25.5701,292.77,97,0,2.57,ZA,1675219986
236,kashary,49.04,41.0056,272.35,99,100,2.31,RU,1675220156
237,nioro,13.35,-15.75,294.57,19,12,3.64,GM,1675220156
238,chingola,-12.529,27.8838,288.29,99,93,1.62,ZM,1675220157
239,ponta do sol,32.6667,-17.1,288.5,62,65,2.67,PT,1675219951
240,kincardine,56.0667,-3.7167,279.3,92,74,9.84,GB,1675220157
241,alofi,-19.0595,-169.9187,297.09,94,100,2.06,NU,1675219986
242,nizhniy odes,63.6445,54.856,267.22,92,100,5.21,RU,1675220158
243,pevek,69.7008,170.3133,257.71,86,8,1.34,RU,1675220144
244,nemuro,43.3236,145.575,270.96,63,42,4.01,JP,1675220158
245,pangnirtung,66.1451,-65.7125,243.96,72,100,2.05,CA,1675220159
246,watertown,42.3709,-71.1828,270.4,50,0,4.12,US,1675219894
247,iqaluit,63.7506,-68.5145,247.0,76,75,6.17,CA,1675219884
248,tateyama,34.9833,139.8667,285.11,40,75,7.72,JP,1675220159
249,karratha,-20.7377,116.8463,308.2,43,13,3.24,AU,1675220159
250,mezen,65.8522,44.24,269.89,93,100,5.76,RU,1675220160
251,saint-pierre,-21.3393,55.4781,297.97,94,75,5.66,RE,1675220160
252,chicama,-7.8447,-79.1469,292.45,67,98,2.0,PE,1675220160
253,aksha,50.2814,113.2867,257.24,71,5,2.46,RU,1675220161
254,andenes,69.3143,16.1194,275.14,64,40,5.14,NO,1675220161
255,broome,42.2506,-75.833,266.74,81,0,2.57,US,1675220163
256,san cristobal,7.7669,-72.225,293.25,91,88,1.08,VE,1675220163
257,guerrero negro,27.9769,-114.0611,286.84,58,10,3.62,MX,1675219922
258,qovlar,40.948,45.735,274.52,83,60,1.98,AZ,1675220165
259,rocha,-34.4833,-54.3333,293.03,96,9,2.12,UY,1675219932
260,raudeberg,61.9875,5.1352,276.52,1,100,9.41,NO,1675220073
261,anadyr,64.75,177.4833,270.43,92,75,9.0,RU,1675220167
262,yumen,40.2833,97.2,268.25,34,100,2.42,CN,1675220168
263,swan hill,-35.3378,143.5544,300.42,22,0,5.45,AU,1675220169
264,hearst,49.6835,-83.6665,248.29,100,97,1.21,CA,1675220170
265,gulu,2.7746,32.299,293.97,46,2,1.28,UG,1675220171
266,provideniya,64.3833,-173.3,268.35,86,100,0.0,RU,1675219972
267,mangrol,21.1167,70.1167,291.76,47,80,6.26,IN,1675220172
268,bethel,41.3712,-73.414,272.0,59,0,2.57,US,1675219884
269,cayenne,4.9333,-52.3333,297.17,94,75,0.0,GF,1675220145
270,kamenka,51.3223,42.7678,271.06,97,100,4.03,RU,1675220173
271,srandakan,-7.9386,110.2506,302.31,68,100,2.19,ID,1675220174
272,nago,26.5881,127.9761,294.62,59,6,5.44,JP,1675220174
273,sechelt,49.4664,-123.7694,276.15,89,100,2.51,CA,1675220175
274,talas,38.6908,35.5538,271.52,93,100,0.51,TR,1675220176
275,dovers,12.8833,-61.1833,298.21,73,15,6.07,VC,1675220176
276,lagoa,39.05,-27.9833,286.99,70,98,5.46,PT,1675220119
277,pundaguitan,6.3711,126.1689,300.48,77,14,5.82,PH,1675220160
278,wanaka,-44.7,169.15,297.1,60,100,0.89,NZ,1675220177
279,morrope,-6.5417,-80.0111,297.21,64,73,4.09,PE,1675220178
280,bilma,18.6853,12.9164,288.3,29,100,6.41,NE,1675220179
281,salalah,17.0151,54.0924,294.2,64,40,1.54,OM,1675220179
282,aleksandrov gay,50.147,48.5704,267.5,78,62,3.6,RU,1675220180
283,xining,36.6167,101.7667,268.28,26,100,0.59,CN,1675220181
284,santo domingo,18.5001,-69.9886,296.97,91,20,3.09,DO,1675220181
285,nova londrina,-22.7658,-52.985,294.15,99,100,1.77,BR,1675220182
286,aurillac,44.9167,2.45,275.64,94,100,1.54,FR,1675220183
287,luanda,-8.8368,13.2343,299.15,89,75,4.12,AO,1675220183
288,linhares,-19.3911,-40.0722,294.95,96,40,0.59,BR,1675220184
289,atbasar,51.8,68.3333,251.24,95,100,1.78,KZ,1675220185
290,huambo,-12.7761,15.7392,287.5,95,96,0.72,AO,1675219958
291,elat,29.5581,34.9482,287.06,41,20,2.06,IL,1675220009
292,las palmas,28.4204,-14.0131,286.59,63,100,4.12,ES,1675220186
293,guaymas,27.9333,-110.9,286.97,59,0,1.51,MX,1675220129
294,laguna,38.421,-121.4238,283.31,53,0,2.06,US,1675220188
295,coahuayana,18.7333,-103.6833,293.82,91,7,0.96,MX,1675220189
296,polyarnyy,69.1989,33.4478,270.26,91,100,2.4,RU,1675220189
297,jumla,29.2747,82.1838,278.5,34,0,1.47,NP,1675220190
298,elko,41.0002,-115.5012,258.16,78,100,2.68,US,1675220079
299,lucapa,-8.4192,20.7447,291.1,93,100,0.99,AO,1675220191
300,rujiena,57.8975,25.3316,272.62,97,96,2.88,LV,1675220192
301,solnechnyy,50.7214,136.6319,255.62,89,100,1.3,RU,1675220193
302,lebu,-37.6167,-73.65,286.91,84,0,9.07,CL,1675219952
303,yazoo city,32.8551,-90.4056,272.54,93,100,4.46,US,1675220195
304,marolambo,-20.05,48.1167,294.52,99,100,0.24,MG,1675220196
305,ugoofaaru,5.6667,73.0,299.95,75,100,5.47,MV,1675220196
306,matamoros,25.5333,-103.25,294.88,44,94,6.04,MX,1675220197
307,hampton,37.0299,-76.3452,281.16,87,100,6.17,US,1675219972
308,lompoc,34.6391,-120.4579,284.23,78,0,0.0,US,1675219998
309,salina cruz,16.1667,-95.2,298.57,66,0,4.76,MX,1675220198
310,ararangua,-28.9347,-49.4858,294.74,94,12,1.3,BR,1675220199
311,powell river,49.8496,-124.5361,274.45,100,100,2.06,CA,1675220200
312,ketchikan,55.3422,-131.6461,277.14,93,100,2.57,US,1675220200
313,boca do acre,-8.7522,-67.3978,295.2,97,100,1.08,BR,1675220201
314,sol-iletsk,51.1631,54.9918,253.47,88,5,2.47,RU,1675220201
315,gizo,-8.103,156.8419,301.98,72,96,3.8,SB,1675220202
316,tukrah,32.5341,20.5791,286.27,55,45,10.31,LY,1675220202
317,kitui,-1.367,38.0106,289.11,94,37,1.37,KE,1675220202
318,leningradskiy,69.3833,178.4167,258.67,96,100,4.26,RU,1675220006
319,toora-khem,52.4675,96.11,253.0,99,94,0.8,RU,1675219990
320,midland,31.9974,-102.0779,269.52,89,100,4.63,US,1675220203
321,kutum,14.2,24.6667,290.26,20,63,2.92,SD,1675220203
322,port macquarie,-31.4333,152.9167,302.53,60,6,6.23,AU,1675220204
323,caconda,-13.7333,15.0667,288.91,93,100,1.06,AO,1675220204
324,rio claro,-22.4114,-47.5614,293.79,94,100,0.85,BR,1675220205
325,puerto carreno,6.189,-67.4859,298.33,49,0,3.32,CO,1675220205
326,hachinohe,40.5,141.5,277.15,71,75,3.58,JP,1675220205
327,caravelas,-17.7125,-39.2481,296.94,85,95,1.78,BR,1675220206
328,aranos,-24.1333,19.1167,295.84,68,57,8.13,NA,1675220206
329,kempsey,-31.0833,152.8333,302.56,64,30,1.79,AU,1675220206
330,biu,10.6129,12.1946,295.57,18,99,4.21,NG,1675220207
331,andradina,-20.8961,-51.3794,294.64,92,100,1.71,BR,1675220207
332,ituiutaba,-18.9689,-49.465,295.19,87,100,1.43,BR,1675220208
333,bambanglipuro,-7.95,110.2833,302.2,68,100,2.36,ID,1675220208
334,wladyslawowo,54.7909,18.4009,277.3,84,100,13.54,PL,1675220208
335,luganville,-15.5333,167.1667,302.1,71,91,0.34,VU,1675220209
336,axim,4.8699,-2.2405,298.36,87,87,0.05,GH,1675220209
337,nouadhibou,20.931,-17.0347,289.14,63,100,9.26,MR,1675220209
338,takoradi,4.8845,-1.7554,298.66,87,69,1.05,GH,1675220031
339,norman wells,65.282,-126.8329,241.17,75,20,0.0,CA,1675220210
340,yarmouth,41.7057,-70.2286,273.23,65,100,8.05,US,1675220210
341,barreiras,-12.1528,-44.99,294.72,72,2,1.67,BR,1675220210
342,vangaindrano,-23.35,47.6,295.37,85,100,2.62,MG,1675220211
343,dunedin,-45.8742,170.5036,291.37,10,100,1.34,NZ,1675220211
344,bandarbeyla,9.4942,50.8122,296.39,71,6,5.14,SO,1675220211
345,havelock,34.8791,-76.9013,288.12,89,100,1.54,US,1675219965
346,kalmunai,7.4167,81.8167,297.9,87,100,7.2,LK,1675219956
347,inderka,53.2485,46.2582,268.88,94,100,3.72,RU,1675220212
348,port hawkesbury,45.6169,-61.3485,268.92,69,20,7.72,CA,1675220212
349,murray bridge,-35.1167,139.2667,290.44,64,84,7.01,AU,1675219969
350,alihe,50.5667,123.7167,260.64,62,34,3.64,CN,1675220213
351,kurtamysh,54.9103,64.4319,260.24,90,96,3.2,RU,1675220213
352,zlynka,52.4267,31.7378,270.5,97,83,2.73,RU,1675220214
353,lander,42.833,-108.7307,273.48,70,0,1.54,US,1675220214
354,kunashak,55.7032,61.5498,268.44,91,80,2.27,RU,1675220214
355,boguchany,58.3814,97.4531,260.62,96,100,0.94,RU,1675220215
356,antanifotsy,-19.65,47.3167,289.23,99,100,0.77,MG,1675220215
357,bacolod,10.6667,122.95,302.57,70,47,5.28,PH,1675220216
358,dhidhdhoo,6.8833,73.1,300.09,73,100,5.52,MV,1675220216
359,hokitika,-42.7167,170.9667,291.96,91,100,1.6,NZ,1675220216
360,imbituba,-28.24,-48.6703,295.9,85,5,2.1,BR,1675220217
361,hue,16.4667,107.6,296.21,78,40,1.03,VN,1675220217
362,zemio,5.0314,25.1361,294.72,31,9,0.85,CF,1675220218
363,ahmadpur east,29.1431,71.2598,286.63,48,0,2.38,PK,1675220218
364,alice springs,-23.7,133.8833,298.9,61,100,4.63,AU,1675219938
365,marsh harbour,26.5412,-77.0636,296.67,75,3,3.6,BS,1675220071
366,hay river,60.8156,-115.7999,248.14,77,75,3.09,CA,1675220084
367,yokadouma,3.5167,15.05,293.63,62,14,0.24,CM,1675220219
368,salinopolis,-0.6136,-47.3561,297.38,92,99,0.91,BR,1675220219
369,bogande,12.9714,-0.1436,295.22,7,100,3.92,BF,1675219966
370,saldanha,-33.0117,17.9442,288.18,92,0,5.79,ZA,1675219973
371,pimentel,-6.8367,-79.9342,297.31,69,0,6.69,PE,1675220219
372,nanakuli,21.3906,-158.1547,301.8,59,20,3.09,US,1675220220
373,souillac,-20.5167,57.5167,298.36,88,40,3.09,MU,1675220220
374,tongzi,28.7829,105.0877,287.96,40,0,1.51,CN,1675220221
375,sioux lookout,50.1001,-91.917,246.19,83,20,1.03,CA,1675220221
376,duldurga,50.6761,113.5931,258.44,70,4,2.7,RU,1675220118
377,shimoda,34.6667,138.95,284.87,60,25,8.0,JP,1675220222
378,vila velha,-20.3297,-40.2925,298.12,83,20,2.57,BR,1675220222
379,okhotsk,59.3833,143.3,256.13,94,100,5.72,RU,1675220222
380,sidrolandia,-20.9319,-54.9614,293.7,96,100,1.57,BR,1675220223
381,port augusta,-32.5,137.7667,297.16,42,12,7.52,AU,1675219967
382,akdepe,42.0551,59.3788,278.2,85,100,5.47,TM,1675220223
383,lufkin,31.3382,-94.7291,276.26,94,100,4.12,US,1675220103
384,bayan,46.0833,127.4,261.57,85,100,4.64,CN,1675220224
385,mandurah,-32.55,115.7,299.77,45,0,4.73,AU,1675220224
386,clarksburg,39.2807,-80.3445,272.62,92,100,3.09,US,1675220224
387,gat,31.61,34.7642,285.59,100,63,8.2,IL,1675219805
388,neyshabur,36.2133,58.7958,278.88,87,100,2.56,IR,1675220225
389,shitanjing,39.2342,106.3439,265.54,27,14,3.55,CN,1675220225
390,namatanai,-3.6667,152.4333,301.73,71,99,2.91,PG,1675220197
391,qui nhon,13.7667,109.2333,296.87,78,44,3.06,VN,1675220226
392,elbistan,38.2059,37.1983,273.98,93,100,0.34,TR,1675220130
393,havre-saint-pierre,50.2334,-63.5986,260.15,77,0,3.6,CA,1675220226
394,varnamo,57.186,14.04,276.63,1,100,3.58,SE,1675220227
395,narsaq,60.9167,-46.05,265.27,94,100,1.44,GL,1675219950
396,hurghada,27.2574,33.8129,286.08,51,0,7.5,EG,1675220227
397,impfondo,1.6381,18.0667,295.33,72,79,1.23,CG,1675220227
398,kadyy,57.787,43.1903,268.8,94,100,4.52,RU,1675220228
399,aklavik,68.2191,-135.0107,237.45,100,69,2.23,CA,1675220228
400,nakusp,50.2499,-117.8023,267.34,86,100,1.03,CA,1675220228
401,pacific grove,36.6177,-121.9166,283.39,69,0,0.89,US,1675220229
402,khani,41.9563,42.9566,267.91,76,90,1.08,GE,1675219945
403,alcaniz,41.05,-0.1333,276.79,81,0,4.35,ES,1675220229
404,panzhihua,26.5851,101.7128,291.5,37,27,0.11,CN,1675220230
405,tambovka,50.0969,128.0489,257.82,80,29,4.59,RU,1675220230
406,paamiut,61.994,-49.6678,263.09,69,100,4.65,GL,1675219964
407,kimbe,-5.5502,150.1429,300.23,82,98,1.32,PG,1675220230
408,nuevo progreso,23.1667,-97.95,287.3,74,94,0.89,MX,1675220231
409,vega de alatorre,20.0333,-96.6333,295.91,88,7,3.51,MX,1675220231
410,adamovka,51.5223,59.9396,252.32,100,82,1.19,RU,1675220231
411,talipparamba,12.05,75.35,297.82,59,20,1.49,IN,1675220232
412,mahon,39.8885,4.2658,281.46,81,75,2.06,ES,1675220232
413,baiao,-2.7906,-49.6717,295.28,99,100,0.58,BR,1675220233
414,gimli,50.6336,-96.9907,247.16,70,44,2.57,CA,1675220136
415,udachnyy,66.4167,112.4,236.36,100,74,2.21,RU,1675220233
416,cuamba,-14.8031,36.5372,292.37,98,79,0.91,MZ,1675220233
417,san patricio,28.017,-97.5169,277.08,83,100,6.07,US,1675220234
418,shache,38.4167,77.2406,266.82,75,95,1.3,CN,1675220234
419,odda,60.0691,6.5457,278.58,98,100,3.4,NO,1675220234
420,jolalpan,18.325,-98.8417,297.11,36,1,0.9,MX,1675220235
421,panjakent,39.4952,67.6093,278.54,69,100,5.08,TJ,1675220235
422,bonfim,3.0833,-59.95,298.99,59,22,3.26,BR,1675220236
423,baffa,34.4378,73.2194,279.7,49,78,2.83,PK,1675220236
424,catamarca,-28.4696,-65.7852,296.71,62,0,6.21,AR,1675220236
425,awbari,26.5921,12.7805,279.04,37,2,2.72,LY,1675220237
426,ewa beach,21.3156,-158.0072,301.8,69,20,3.6,US,1675220237
427,arcata,40.8665,-124.0828,280.81,81,0,2.06,US,1675220238
428,la mesa,32.7678,-117.0231,285.9,62,0,2.57,US,1675220238
429,kholtoson,50.2981,103.3097,257.99,77,74,1.27,RU,1675220238
430,bajil,15.0584,43.2851,295.03,74,71,0.63,YE,1675220239
431,klaksvik,62.2266,-6.589,276.66,93,96,13.64,FO,1675220239
432,tabou,4.423,-7.3528,299.14,87,99,2.2,CI,1675220240
433,pimenta bueno,-11.6725,-61.1936,294.26,99,100,0.72,BR,1675220240
434,chateau-thierry,49.05,3.4,280.02,89,93,5.82,FR,1675220240
435,fortuna,40.5982,-124.1573,280.66,88,0,0.0,US,1675220240
436,port-gentil,-0.7193,8.7815,299.92,80,34,6.15,GA,1675220241
437,yaan,7.3833,8.5667,300.31,46,35,2.35,NG,1675220241
438,finschhafen,-6.6024,147.8681,303.22,73,72,4.62,PG,1675220242
439,ushtobe,45.2514,77.9838,264.91,92,100,0.52,KZ,1675220242
440,ostrovnoy,68.0531,39.5131,265.19,98,95,1.91,RU,1675219982
441,malanville,11.8685,3.3899,295.41,7,50,3.28,BJ,1675220243
442,tessalit,20.1986,1.0114,287.96,12,3,4.01,ML,1675220243
443,plettenberg bay,-34.0527,23.3716,292.14,82,0,3.08,ZA,1675220243
444,zharkent,44.1628,80.0,265.96,88,100,1.01,KZ,1675220244
445,sechura,-5.5569,-80.8222,297.11,73,93,1.85,PE,1675220244
446,fort saint james,54.4333,-124.25,268.55,99,100,0.88,CA,1675220244
447,aquiraz,-3.9014,-38.3911,300.47,88,97,4.92,BR,1675220245
448,kirakira,-10.4544,161.9205,301.55,75,100,3.25,SB,1675219947
449,san carlos de bariloche,-41.1456,-71.3082,288.01,44,20,1.03,AR,1675220245
450,high level,58.5169,-117.136,254.21,78,0,4.12,CA,1675220246
451,olafsvik,64.8945,-23.7142,272.33,83,100,7.65,IS,1675220246
452,kaduy,59.2,37.15,270.04,91,99,4.15,RU,1675220246
453,ewo,-0.8725,14.8206,296.23,73,75,1.11,CG,1675220247
454,hambantota,6.1241,81.1185,297.34,100,20,2.06,LK,1675220066
455,inuvik,68.3499,-133.7218,244.63,72,40,1.03,CA,1675220247
456,iquique,-20.2208,-70.1431,297.17,84,100,1.54,CL,1675219964
457,luena,-11.7833,19.9167,288.19,95,100,0.45,AO,1675220248
458,ventaquemada,5.3675,-73.5208,281.8,95,27,0.74,CO,1675220248
459,tubmanburg,6.8708,-10.8172,295.91,96,9,1.19,LR,1675220248
460,margate,51.3813,1.3862,277.98,78,90,2.24,GB,1675220249
461,cisaat,-6.2923,105.9717,299.62,65,100,1.54,ID,1675220249
462,isangel,-19.55,169.2667,301.83,73,100,1.23,VU,1675220148
463,manokwari,-0.8667,134.0833,301.71,68,45,2.43,ID,1675220250
464,antofagasta,-23.65,-70.4,294.75,81,98,0.79,CL,1675220250
465,phangnga,8.4509,98.5298,300.17,60,35,1.85,TH,1675220250
466,belmonte,-15.8631,-38.8828,297.66,81,3,1.92,BR,1675220251
467,alamogordo,32.8995,-105.9603,280.38,44,75,4.12,US,1675220251
468,sungurlu,40.1675,34.3739,272.3,98,100,1.38,TR,1675220252
469,san quintin,30.4833,-115.95,286.27,64,53,2.93,MX,1675220252
470,beloha,-25.1667,45.05,294.27,77,36,5.79,MG,1675220253
471,vostok,46.4856,135.8833,260.25,74,100,1.48,RU,1675220069
472,la ronge,55.1001,-105.2842,244.29,76,20,1.03,CA,1675220253
473,papara,-3.9839,-38.7273,299.64,96,91,1.44,BR,1675220253
474,sabang,5.8933,95.3214,299.37,72,100,2.18,ID,1675220254
475,naze,28.3667,129.4833,292.66,63,72,5.89,JP,1675220254
476,huarmey,-10.0681,-78.1522,295.47,78,99,2.77,PE,1675220082
477,hami,42.8,93.45,271.09,32,100,1.27,CN,1675220097
478,yarovoye,52.9273,78.58,251.21,99,50,1.58,RU,1675220255
479,necochea,-38.5473,-58.7368,291.9,82,100,3.43,AR,1675220255
480,malanje,-9.5402,16.341,289.35,97,94,1.13,AO,1675220067
481,kushiro,42.975,144.3747,267.68,58,75,2.06,JP,1675220255
482,machali,-34.1833,-70.6667,292.2,52,2,0.3,CL,1675220256
483,xacmaz,41.4635,48.806,277.49,76,84,2.29,AZ,1675220256
484,wichian buri,15.6578,101.106,301.21,25,17,0.83,TH,1675220257
485,kenai,60.5544,-151.2583,273.2,89,100,0.0,US,1675220257
486,murakami,38.2333,139.4833,278.09,83,100,3.7,JP,1675220257
487,suntar,62.1444,117.6319,241.37,95,71,2.36,RU,1675220094
488,sanmenxia,34.7747,111.1814,279.98,20,68,6.25,CN,1675220258
489,loukhi,66.0764,33.0381,260.55,95,25,3.19,RU,1675220258
490,itarema,-2.9248,-39.9167,298.34,88,28,4.94,BR,1675220002
491,acapulco,16.8634,-99.8901,300.05,78,0,3.6,MX,1675219914
492,husavik,66.0449,-17.3389,271.44,95,100,6.33,IS,1675220259
493,gornoye loo,43.7129,39.6049,279.03,76,99,1.46,RU,1675220259
494,balkanabat,39.5108,54.3671,278.83,89,100,3.42,TM,1675220259
495,kichera,55.9375,110.0997,255.32,88,88,0.69,RU,1675220260
496,macau,22.2006,113.5461,295.85,77,20,2.06,MO,1675220111
497,wilmington,34.2257,-77.9447,289.1,89,100,1.54,US,1675220030
498,atikokan,48.7555,-91.6216,245.8,100,72,1.39,CA,1675220260
499,hualmay,-11.0964,-77.6139,295.46,78,100,3.57,PE,1675220261
500,sosnovo-ozerskoye,52.5249,111.5418,252.44,90,75,3.95,RU,1675220261
501,atar,20.5169,-13.0499,291.92,22,74,2.39,MR,1675220261
502,kathu,7.9178,98.3332,301.87,99,81,4.93,TH,1675220262
503,loa janan,-0.583,117.095,298.47,93,100,0.66,ID,1675220262
504,zvishavane,-20.3267,30.0665,291.45,89,14,1.21,ZW,1675220263
505,gorele,41.0308,39.0031,279.29,94,100,3.25,TR,1675220263
506,nuuk,64.1835,-51.7216,258.05,90,100,6.27,GL,1675220263
507,moron,-34.6534,-58.6198,298.69,80,88,3.2,AR,1675220156
508,agadez,19.75,10.25,285.54,33,44,4.49,NE,1675220264
509,olden,61.8364,6.8064,273.56,92,100,3.18,NO,1675220264
510,coari,-4.085,-63.1414,296.0,97,100,0.66,BR,1675220265
511,borgo san dalmazzo,44.333,7.4858,278.61,55,100,1.97,IT,1675220265
512,balta,47.9355,29.6198,270.8,94,25,2.97,UA,1675220266
513,asau,46.4333,26.4,269.66,91,79,2.81,RO,1675220112
514,aiken,33.5835,-81.5998,291.54,96,100,3.09,US,1675220266
515,pandan,14.0453,124.1694,299.57,88,34,5.39,PH,1675220266
516,russell,32.3502,-85.1999,290.72,100,40,0.0,US,1675219992
517,uthal,25.8072,66.6219,289.99,30,0,2.13,PK,1675220019
518,erdenet,49.0333,104.0833,256.02,87,98,1.36,MN,1675220267
519,marsala,37.7966,12.4352,277.12,87,0,2.06,IT,1675220267
520,saurimo,-9.6608,20.3916,290.89,88,100,1.17,AO,1675220268
521,pervomayskiy,53.2485,40.2871,265.89,94,60,3.14,RU,1675220268
522,arlit,18.7369,7.3853,289.23,21,30,3.66,NE,1675220269
523,ornskoldsvik,63.2909,18.7153,260.68,92,96,1.54,SE,1675220269
524,ust-ishim,57.6935,71.1665,258.67,95,24,2.35,RU,1675220269
525,saint-francois,46.4154,3.9054,276.84,93,100,1.03,FR,1675220270
526,oussouye,12.485,-16.5469,293.25,39,64,4.39,SN,1675220270
527,gambela,8.25,34.5833,300.71,39,52,1.13,ET,1675220270
528,mwinilunga,-11.7358,24.4293,287.91,98,100,1.07,ZM,1675220155
529,orlik,52.5178,99.825,252.03,87,28,0.83,RU,1675220271
530,porosozero,62.7191,32.727,266.25,96,100,2.6,RU,1675220271
531,severomuysk,56.1481,113.4267,249.21,94,100,2.23,RU,1675220271
532,shenjiamen,29.9576,122.298,285.59,74,0,5.55,CN,1675220272
533,marfino,55.7028,37.3822,273.34,86,75,5.0,RU,1675220272
534,mehamn,71.0357,27.8492,274.1,80,75,9.26,NO,1675220273
535,carupano,10.6678,-63.2585,295.84,85,4,2.1,VE,1675219966
536,talakan,50.3167,130.3667,253.09,91,94,2.53,RU,1675220273
537,wanning,18.8003,110.3967,296.88,74,19,2.2,CN,1675220273
538,boundiali,9.5217,-6.4869,295.25,18,3,1.13,CI,1675220274
539,zhigansk,66.7697,123.3711,244.42,99,100,2.38,RU,1675220274
540,turbat,26.0023,63.044,288.35,66,0,1.74,PK,1675220274
541,conakry,9.538,-13.6773,298.63,67,0,0.93,GN,1675220275
542,oranjemund,-28.55,16.4333,290.13,94,65,2.04,NA,1675220275
543,puerto del rosario,28.5004,-13.8627,288.01,63,100,4.12,ES,1675220276
544,kununurra,-15.7667,128.7333,304.14,70,75,2.57,AU,1675219843
545,phon,15.816,102.5998,298.18,27,41,1.67,TH,1675220276
546,oistins,13.0667,-59.5333,296.2,83,20,4.12,BB,1675220276
547,santiago de chuco,-8.15,-78.1833,283.82,88,100,1.06,PE,1675220277
548,kabare,-2.4683,28.8242,287.67,87,12,0.36,CD,1675220277
549,khingansk,49.1167,131.1833,252.72,90,83,3.39,RU,1675220277
550,santa lucia,27.9117,-15.5407,283.77,72,20,5.14,ES,1675220083
551,ust-maya,60.4167,134.5333,241.29,90,100,1.69,RU,1675220278
552,praia,14.9215,-23.5087,294.45,73,40,8.23,CV,1675220183
553,severo-yeniseyskiy,60.3725,93.0408,255.26,98,96,1.41,RU,1675220278
554,ust-ordynskiy,52.805,104.7508,256.92,85,100,1.21,RU,1675220279
555,waiouru,-39.4833,175.6667,289.2,83,100,3.08,NZ,1675220279
556,ahipara,-35.1667,173.1667,296.11,77,100,3.98,NZ,1675220147
557,petropavlovsk-kamchatskiy,53.0452,158.6483,263.48,53,0,2.0,RU,1675220280
558,maniitsoq,65.4167,-52.9,256.83,78,100,5.33,GL,1675220280
559,brownsville,25.9018,-97.4975,279.12,93,100,5.66,US,1675220280
560,xudat,41.631,48.681,277.82,81,84,1.71,AZ,1675220281
561,samana,19.2056,-69.3369,297.14,68,52,5.28,DO,1675220281
562,camabatela,-8.1881,15.375,289.2,95,78,1.04,AO,1675220282
563,ouro preto do oeste,-10.7481,-62.2158,294.43,99,99,0.63,BR,1675220001
564,winona,43.9666,-91.7668,259.04,72,0,0.0,US,1675220283
565,santa rosa,14.3122,121.1114,303.2,67,70,6.43,PH,1675220283
566,gimbi,9.1667,35.8333,289.19,37,91,1.51,ET,1675220284
